[{"model": "bookstoreapp.user", "pk": 1, "fields": {"password": "pbkdf2_sha256$1000000$1MUADHPhOZlhVKhLL89JIJ$QxCdhRaVz0UcuvoG10n8PRH47Thu+LpBlKIslnFyklw=", "last_login": "2025-05-29T17:49:15.075Z", "is_superuser": true, "first_name": "", "last_name": "", "is_staff": true, "is_active": true, "date_joined": "2025-05-21T16:32:42.624Z", "username": "admin", "email": "", "role": "admin", "groups": [], "user_permissions": []}}, {"model": "bookstoreapp.user", "pk": 2, "fields": {"password": "pbkdf2_sha256$1000000$yAgUDK6GvYO6FxKTEPy9dK$Zl2qu1jIHBIifRNQDHbYpxfWe9ZZnWU33mdHbcr8t9s=", "last_login": "2025-05-26T11:13:50.048Z", "is_superuser": false, "first_name": "", "last_name": "", "is_staff": false, "is_active": true, "date_joined": "2025-05-21T16:33:47.830Z", "username": "test", "email": "test@mail.ru", "role": "reader", "groups": [], "user_permissions": []}}, {"model": "bookstoreapp.user", "pk": 3, "fields": {"password": "pbkdf2_sha256$1000000$ELuEjd57PLyCKOJqoBIXXu$ACQO4EWO++i1gQ/cY7OtJnAjelr+mscMQLG2gH4ccnI=", "last_login": "2025-05-21T19:36:06.256Z", "is_superuser": false, "first_name": "", "last_name": "", "is_staff": false, "is_active": true, "date_joined": "2025-05-21T19:36:05.638Z", "username": "slava", "email": "slava@gmail.com", "role": "reader", "groups": [], "user_permissions": []}}, {"model": "bookstoreapp.user", "pk": 4, "fields": {"password": "pbkdf2_sha256$1000000$GRjwHDlHLqMIhPv4PFOJxw$VserhQG3yZmZxckVcYrdcTlkQb1ervfIMGPOllrRf3M=", "last_login": "2025-05-29T17:47:38.112Z", "is_superuser": false, "first_name": "", "last_name": "", "is_staff": false, "is_active": true, "date_joined": "2025-05-22T15:41:31.684Z", "username": "ilaba", "email": "ilaba@gmail.com", "role": "reader", "groups": [], "user_permissions": []}}, {"model": "bookstoreapp.user", "pk": 5, "fields": {"password": "pbkdf2_sha256$1000000$4qiuoYKFNCIdpFtVbZ9LXe$tVIjQyMADkT6C6LbVPStca2ci3oPA7N3PTE4Pl4pC/k=", "last_login": "2025-05-23T10:57:28.710Z", "is_superuser": false, "first_name": "", "last_name": "", "is_staff": false, "is_active": true, "date_joined": "2025-05-23T10:57:28.072Z", "username": "test2", "email": "test2@mail.ru", "role": "reader", "groups": [], "user_permissions": []}}, {"model": "bookstoreapp.user", "pk": 6, "fields": {"password": "pbkdf2_sha256$1000000$qKPwN1Zv9DtXxLyLfIy5I0$b8oGU/1G2hDRK9tE24NCZAsDdWt1Nnc4gB9HDYoqKgA=", "last_login": "2025-05-23T13:54:52.893Z", "is_superuser": false, "first_name": "", "last_name": "", "is_staff": false, "is_active": true, "date_joined": "2025-05-23T13:54:52.277Z", "username": "SO_NYA", "email": "so@example.com", "role": "reader", "groups": [], "user_permissions": []}}, {"model": "bookstoreapp.user", "pk": 7, "fields": {"password": "pbkdf2_sha256$1000000$5DywEX64ZTHg7ItdfrzJ4I$KdSGdGvymsbIUgOPek0fuplln6Bsv4CYYKJ4ehdXx34=", "last_login": "2025-05-23T14:09:55.808Z", "is_superuser": false, "first_name": "", "last_name": "", "is_staff": false, "is_active": true, "date_joined": "2025-05-23T14:09:55.201Z", "username": "nya_stya", "email": "ak@example.com", "role": "reader", "groups": [], "user_permissions": []}}, {"model": "bookstoreapp.user", "pk": 8, "fields": {"password": "pbkdf2_sha256$1000000$byUhElBfFeuh0UuYy6Q8R4$lESWFwacp5LMRzTRlai+gz9N1H2rhXvpfPYffOgkKNs=", "last_login": "2025-05-26T11:08:52.349Z", "is_superuser": false, "first_name": "", "last_name": "", "is_staff": false, "is_active": true, "date_joined": "2025-05-26T11:08:33.129Z", "username": "test3", "email": "test3@mail.ru", "role": "reader", "groups": [], "user_permissions": []}}, {"model": "bookstoreapp.user", "pk": 9, "fields": {"password": "pbkdf2_sha256$1000000$2f4MQVGK6wFNdw3OyiXaTb$YelEmIZaHdCVOfG+JMiixiPVTBqQKnx9Qv0fsGKrOiI=", "last_login": "2025-05-26T16:40:28.789Z", "is_superuser": false, "first_name": "", "last_name": "", "is_staff": false, "is_active": true, "date_joined": "2025-05-26T16:40:09.433Z", "username": "proverka", "email": "proverka@gmail.com", "role": "reader", "groups": [], "user_permissions": []}}, {"model": "bookstoreapp.book", "pk": 1, "fields": {"title": "Шерлок Холмс", "author": "Артур Конан Дойл", "genre": "Детектив", "description": "Шерлок Холмс – серия классических детективных произведений Артура Конан Дойля, которые вот уже более века покоряют читателей по всему миру.Великий сыщик Шерлок Холмс, обладающий невероятной наблюдательностью и дедуктивным методом расследования, вместе со своим верным другом доктором Ватсоном раскрывает самые запутанные преступления. От таинственных убийств до хитроумных краж, от загадочных исчезновений до международных заговоров – ни одна деталь не ускользает от его проницательного ума.", "price": "1499.00", "created_at": "2025-05-21T16:34:48.909Z", "updated_at": "2025-05-30T10:52:41.653Z"}}, {"model": "bookstoreapp.book", "pk": 2, "fields": {"title": "Преступление и наказание", "author": "Фёдор Достоевский", "genre": "Классика", "description": "Преступление и наказание – один из величайших романов Фёдора Достоевского, который уже более полутора веков остается шедевром мировой литературы.Молодой бывший студент Родион Раскольников, доведенный до отчаяния нищетой и собственными философскими идеями, решается на страшное преступление. Однако после убийства его начинает мучить невыносимое чувство вины, а встреча с следователем Порфирием Петровичем и доброй Соней Мармеладовой заставляет его переосмыслить свою теорию о «праве сильной личности».", "price": "1999.00", "created_at": "2025-05-21T16:36:25.938Z", "updated_at": "2025-05-29T17:55:48.303Z"}}, {"model": "bookstoreapp.book", "pk": 3, "fields": {"title": "Властелин колец", "author": "Джон Рональд Руэл Толкин", "genre": "Фэнтези", "description": "Властелин Колец – легендарная эпическая трилогия Дж. Р. Р. Толкина, ставшая эталоном жанра фэнтези и покорившая миллионы читателей по всему миру.\r\n\r\nВ мире Средиземья, где тьма наступает, а древнее зло пробуждается, скромный хоббит Фродо Бэггинс получает невероятную миссию — уничтожить Кольцо Всевластья, созданное тёмным властелином Сауроном. Вместе с верными друзьями — мудрым Гэндальфом, отважным Арагорном, преданным Сэмом и другими членами Братства Кольца — Фродо отправляется в опасное путешествие, полное битв, предательств и испытаний.", "price": "2499.00", "created_at": "2025-05-21T16:41:27.694Z", "updated_at": "2025-05-22T15:36:04.988Z"}}, {"model": "bookstoreapp.book", "pk": 4, "fields": {"title": "Анна Каренина", "author": "Лев Толстой", "genre": "Классика", "description": "Анна Каренина – великий роман Льва Толстого, входящий в золотой фонд мировой литературы. Это глубокая драма о любви, страсти и трагическом выборе, покоряющая читателей более века.\r\n\r\nМолодая, блистательная Анна Каренина, замужняя женщина из высшего общества, влюбляется в красивого офицера Вронского. Их страстная связь разрушает привычный уклад жизни Анны, сталкивая её с осуждением света, муками совести и неумолимой судьбой. Параллельно разворачивается история Левина – помещика, ищущего смысл жизни в труде и простых ценностях.", "price": "1999.00", "created_at": "2025-05-21T16:43:23.391Z", "updated_at": "2025-05-22T15:36:10.305Z"}}, {"model": "bookstoreapp.book", "pk": 5, "fields": {"title": "Берсерк", "author": "Кэнтаро Миура", "genre": "Классика", "description": "«Берсерк» – легендарная манга Кэнтаро Миуры, мрачная и захватывающая сага в жанре тёмного фэнтези, признанная одной из величайших в истории.\r\n\r\nГатс, одинокий наёмник с гигантским мечом, следует по кровавому пути мести. Его цель — бывший друг Гриффит, ставший ужасным существом после жертвоприношения. В мире, где царит жестокость, демоны и безумие, Гатс сражается не только с врагами, но и с собственной яростью.\r\nЭто произведение можно отнести к своего рода японской классике", "price": "1649.00", "created_at": "2025-05-21T16:45:19.120Z", "updated_at": "2025-05-22T15:36:16.324Z"}}, {"model": "bookstoreapp.book", "pk": 6, "fields": {"title": "Нормальные люди", "author": "Салли Руни", "genre": "Драма", "description": "«Нормальные люди» – культовый роман Салли Руни, тонкое и пронзительное исследование человеческих отношений, покорившее читателей по всему миру.\r\n\r\nМэрианна и Коннелл – двое молодых людей из ирландского городка, которые не могут быть вместе, но и не могут забыть друг друга. Их связь, то вспыхивающая, то угасающая, длится годы – от школы до университета в Дублине. Чувства, недопонимание, социальные различия и внутренние демоны – всё это делает их историю одновременно болезненной и прекрасной.", "price": "1999.00", "created_at": "2025-05-21T16:47:12.381Z", "updated_at": "2025-05-22T15:36:22.471Z"}}, {"model": "bookstoreapp.book", "pk": 7, "fields": {"title": "Пацаны", "author": "Гарт Эннис", "genre": "Фэнтези", "description": "«Пацаны» – провокационный графический роман Гарта Энниса, жестокая и беспощадная деконструкция жанра супергероики, ставшая культовой благодаря одноименному сериалу.\r\n\r\nВ мире, где супергерои – не благородные спасители, а продажные корпоративные марионетки, команда «Пацанов» во главе с циничным Билли Бутчером объявляет им войну. Их цель – разоблачить и уничтожить «Семёрку», самую могущественную группу суперов, скрывающую чудовищные преступления за улыбками и пафосными речами.", "price": "1499.00", "created_at": "2025-05-21T16:48:32.696Z", "updated_at": "2025-05-22T15:36:27.121Z"}}, {"model": "bookstoreapp.book", "pk": 8, "fields": {"title": "В поисках Аляски", "author": "Джон Грин", "genre": "Драма", "description": "«В поисках Аляски» – пронзительный дебютный роман Джона Грина, ставший современной классикой young adult литературы. Это история о первой любви, дружбе и болезненном взрослении, которая не отпускает читателя долгие годы.\r\n\r\n16-летний Майлз Холтер бросает скучную жизнь ради учебы в кадетской школе-интернате. Здесь он знакомится с харизматичной, непредсказуемой Аляской Янг – девушкой, которая переворачивает его мир с ног на голову. Их отношения, полные философских споров, рискованных авантюр и невысказанных чувств, внезапно обрываются трагедией, заставляя Майлза искать ответы на мучительные вопросы.", "price": "1999.00", "created_at": "2025-05-21T16:49:50.577Z", "updated_at": "2025-05-22T15:36:32.526Z"}}, {"model": "bookstoreapp.book", "pk": 9, "fields": {"title": "Клинок, рассекающий демонов", "author": "Койохару Готогэ", "genre": "Фэнтези", "description": "«Клинок, рассекающий демонов» – культовая манга Койохару Готогэ, захватывающая история о борьбе с тьмой, ставшая международным бестселлером и вдохновившая мегапопулярную аниме-адаптацию.\r\n\r\nЮный Танджиро Камадо возвращается домой, чтобы обнаружить свою семью жестоко убитой, а единственную выжившую сестру – превратившейся в демона. Чтобы спасти Нэзуко и отомстить за родных, он вступает в ряды Истребителей демонов. С помощью древних техник дыхания и стального клинка Танджиро отправляется в опасное путешествие, где его ждут смертельные схватки, неожиданные союзники и раскрытие тайн проклятого рода.", "price": "2999.00", "created_at": "2025-05-21T16:50:46.456Z", "updated_at": "2025-05-22T15:36:41.376Z"}}, {"model": "bookstoreapp.book", "pk": 10, "fields": {"title": "Мусаси", "author": "Эйдзи Ёсикава", "genre": "Классика", "description": "«Мусаси» – эпический исторический роман Эйдзи Ёсикавы, ставший классикой японской литературы и самым известным художественным произведением о легендарном самурае Миямото Мусаси.\r\n\r\nИстория превращения буйного юноши Такэдзо в величайшего фехтовальщика Японии – мудрого воина-философа Миямото Мусаси. Через бесчисленные поединки, духовные искания и встречи с необыкновенными людьми герой проходит путь от грубой силы к просветлению, создавая свою непревзойдённую технику двух мечей и философию Пути воина.", "price": "2999.00", "created_at": "2025-05-21T16:51:47.626Z", "updated_at": "2025-05-22T15:36:46.604Z"}}, {"model": "bookstoreapp.book", "pk": 11, "fields": {"title": "Крёстный отец", "author": "Марио Пьюзо", "genre": "Классика", "description": "«Крёстный отец» – культовый роман Марио Пьюзо, легендарная сага о сицилийской мафии в Америке, перевернувшая представления о криминальной литературе и вдохновившая одну из величайших кинотрилогий.\r\n\r\nСемья Корлеоне – не просто бандиты, а империя со своими законами, кодексом чести и понятиями о справедливости. Дон Вито Корлеоне, мудрый и опасный глава клана, вершит судьбы людей, опираясь на железные принципы: «Никогда не злись. Никогда не грози. Всё решает разум». Но когда в мир мафии врываются новые времена, его сыну Майклу предстоит пройти путь от бунтаря до беспощадного дона, защищая семью любой ценой.", "price": "4999.00", "created_at": "2025-05-21T17:09:24.217Z", "updated_at": "2025-05-21T17:09:24.217Z"}}, {"model": "bookstoreapp.book", "pk": 18, "fields": {"title": "ччяси", "author": "иччься", "genre": "наподумать", "description": "цурмдцуиомц", "price": "100000.00", "created_at": "2025-05-23T14:01:52.192Z", "updated_at": "2025-05-23T14:01:52.192Z"}}, {"model": "bookstoreapp.book", "pk": 19, "fields": {"title": "Великий Гэтсби", "author": "Фрэнсис Скотт Фицжеральд", "genre": "Драма", "description": "«Великий Гэтсби» – блистательный роман Фрэнсиса Скотта Фицджеральда, жемчужина «эпохи джаза» и одно из самых пронзительных произведений американской литературы XX века.  Таинственный миллионер Джей Гэтсби устраивает в своем поместье на Лонг-Айленде роскошные вечеринки, куда съезжается весь свет. Но за фасадом шикарной жизни скрывается одержимость – его безнадёжная любовь к замужней аристократке Дэйзи Бьюкенен. История, рассказанная соседом Ником Каррауэем, превращается в трагическую притчу о разрушительной силе «американской мечты», где за блеском золота кроется пустота.", "price": "7999.00", "created_at": "2025-05-26T16:48:16.817Z", "updated_at": "2025-05-26T16:48:43.879Z"}}, {"model": "bookstoreapp.order", "pk": 1, "fields": {"user": 2, "created_at": "2025-05-21T17:31:20.286Z", "status": "pending"}}, {"model": "bookstoreapp.order", "pk": 2, "fields": {"user": 3, "created_at": "2025-05-21T19:38:00.641Z", "status": "pending"}}, {"model": "bookstoreapp.order", "pk": 3, "fields": {"user": 4, "created_at": "2025-05-23T10:41:20.747Z", "status": "pending"}}, {"model": "bookstoreapp.order", "pk": 4, "fields": {"user": 4, "created_at": "2025-05-23T10:44:06.313Z", "status": "pending"}}, {"model": "bookstoreapp.order", "pk": 5, "fields": {"user": 5, "created_at": "2025-05-23T11:02:32.393Z", "status": "pending"}}, {"model": "bookstoreapp.order", "pk": 6, "fields": {"user": 4, "created_at": "2025-05-23T11:49:59.269Z", "status": "pending"}}, {"model": "bookstoreapp.order", "pk": 7, "fields": {"user": 4, "created_at": "2025-05-23T12:49:28.348Z", "status": "pending"}}, {"model": "bookstoreapp.order", "pk": 8, "fields": {"user": 4, "created_at": "2025-05-23T12:51:10.291Z", "status": "pending"}}, {"model": "bookstoreapp.order", "pk": 9, "fields": {"user": 4, "created_at": "2025-05-23T12:54:31.917Z", "status": "pending"}}, {"model": "bookstoreapp.order", "pk": 10, "fields": {"user": 6, "created_at": "2025-05-23T13:57:06.633Z", "status": "pending"}}, {"model": "bookstoreapp.order", "pk": 11, "fields": {"user": 7, "created_at": "2025-05-23T14:11:10.169Z", "status": "pending"}}, {"model": "bookstoreapp.order", "pk": 12, "fields": {"user": 4, "created_at": "2025-05-23T17:15:47.964Z", "status": "pending"}}, {"model": "bookstoreapp.order", "pk": 13, "fields": {"user": 8, "created_at": "2025-05-26T11:12:46.918Z", "status": "pending"}}, {"model": "bookstoreapp.order", "pk": 14, "fields": {"user": 9, "created_at": "2025-05-26T16:43:06.996Z", "status": "pending"}}, {"model": "bookstoreapp.orderitem", "pk": 1, "fields": {"order": 1, "book": 11, "quantity": 1}}, {"model": "bookstoreapp.orderitem", "pk": 3, "fields": {"order": 2, "book": 11, "quantity": 1}}, {"model": "bookstoreapp.orderitem", "pk": 4, "fields": {"order": 3, "book": 2, "quantity": 1}}, {"model": "bookstoreapp.orderitem", "pk": 5, "fields": {"order": 3, "book": 3, "quantity": 1}}, {"model": "bookstoreapp.orderitem", "pk": 6, "fields": {"order": 3, "book": 5, "quantity": 1}}, {"model": "bookstoreapp.orderitem", "pk": 7, "fields": {"order": 3, "book": 6, "quantity": 1}}, {"model": "bookstoreapp.orderitem", "pk": 8, "fields": {"order": 4, "book": 2, "quantity": 1}}, {"model": "bookstoreapp.orderitem", "pk": 9, "fields": {"order": 5, "book": 4, "quantity": 1}}, {"model": "bookstoreapp.orderitem", "pk": 10, "fields": {"order": 5, "book": 5, "quantity": 1}}, {"model": "bookstoreapp.orderitem", "pk": 11, "fields": {"order": 6, "book": 2, "quantity": 2}}, {"model": "bookstoreapp.orderitem", "pk": 12, "fields": {"order": 6, "book": 3, "quantity": 1}}, {"model": "bookstoreapp.orderitem", "pk": 13, "fields": {"order": 7, "book": 2, "quantity": 1}}, {"model": "bookstoreapp.orderitem", "pk": 14, "fields": {"order": 8, "book": 2, "quantity": 1}}, {"model": "bookstoreapp.orderitem", "pk": 15, "fields": {"order": 9, "book": 1, "quantity": 1}}, {"model": "bookstoreapp.orderitem", "pk": 16, "fields": {"order": 9, "book": 2, "quantity": 1}}, {"model": "bookstoreapp.orderitem", "pk": 17, "fields": {"order": 10, "book": 3, "quantity": 1}}, {"model": "bookstoreapp.orderitem", "pk": 18, "fields": {"order": 10, "book": 1, "quantity": 1}}, {"model": "bookstoreapp.orderitem", "pk": 19, "fields": {"order": 11, "book": 18, "quantity": 4}}, {"model": "bookstoreapp.orderitem", "pk": 20, "fields": {"order": 11, "book": 1, "quantity": 1}}, {"model": "bookstoreapp.orderitem", "pk": 21, "fields": {"order": 12, "book": 3, "quantity": 2}}, {"model": "bookstoreapp.orderitem", "pk": 22, "fields": {"order": 12, "book": 1, "quantity": 1}}, {"model": "bookstoreapp.orderitem", "pk": 23, "fields": {"order": 12, "book": 2, "quantity": 1}}, {"model": "bookstoreapp.orderitem", "pk": 24, "fields": {"order": 12, "book": 4, "quantity": 1}}, {"model": "bookstoreapp.orderitem", "pk": 25, "fields": {"order": 12, "book": 5, "quantity": 1}}, {"model": "bookstoreapp.orderitem", "pk": 26, "fields": {"order": 13, "book": 2, "quantity": 1}}, {"model": "bookstoreapp.orderitem", "pk": 27, "fields": {"order": 13, "book": 1, "quantity": 1}}, {"model": "bookstoreapp.orderitem", "pk": 28, "fields": {"order": 13, "book": 3, "quantity": 4}}, {"model": "bookstoreapp.orderitem", "pk": 29, "fields": {"order": 14, "book": 1, "quantity": 2}}, {"model": "bookstoreapp.orderitem", "pk": 30, "fields": {"order": 14, "book": 2, "quantity": 1}}, {"model": "bookstoreapp.orderitem", "pk": 31, "fields": {"order": 14, "book": 3, "quantity": 1}}, {"model": "bookstoreapp.bookstats", "pk": 1, "fields": {"book": 1, "views": 44, "rating_sum": 26, "rating_count": 7}}, {"model": "bookstoreapp.bookstats", "pk": 2, "fields": {"book": 2, "views": 50, "rating_sum": 10, "rating_count": 2}}, {"model": "bookstoreapp.bookstats", "pk": 3, "fields": {"book": 3, "views": 68, "rating_sum": 64, "rating_count": 14}}, {"model": "bookstoreapp.bookstats", "pk": 4, "fields": {"book": 4, "views": 14, "rating_sum": 0, "rating_count": 0}}, {"model": "bookstoreapp.bookstats", "pk": 5, "fields": {"book": 5, "views": 10, "rating_sum": 14, "rating_count": 3}}, {"model": "bookstoreapp.bookstats", "pk": 6, "fields": {"book": 6, "views": 8, "rating_sum": 0, "rating_count": 0}}, {"model": "bookstoreapp.bookstats", "pk": 7, "fields": {"book": 7, "views": 7, "rating_sum": 0, "rating_count": 0}}, {"model": "bookstoreapp.bookstats", "pk": 8, "fields": {"book": 8, "views": 4, "rating_sum": 0, "rating_count": 0}}, {"model": "bookstoreapp.bookstats", "pk": 9, "fields": {"book": 9, "views": 6, "rating_sum": 0, "rating_count": 0}}, {"model": "bookstoreapp.bookstats", "pk": 10, "fields": {"book": 10, "views": 6, "rating_sum": 0, "rating_count": 0}}, {"model": "bookstoreapp.bookstats", "pk": 11, "fields": {"book": 11, "views": 5, "rating_sum": 0, "rating_count": 0}}, {"model": "bookstoreapp.bookstats", "pk": 18, "fields": {"book": 18, "views": 35, "rating_sum": 31, "rating_count": 7}}, {"model": "bookstoreapp.bookstats", "pk": 19, "fields": {"book": 19, "views": 1, "rating_sum": 0, "rating_count": 0}}, {"model": "bookstoreapp.bookcover", "pk": 1, "fields": {"book": 3, "image_path": null}}, {"model": "bookstoreapp.bookcover", "pk": 2, "fields": {"book": 11, "image_path": "images/krestniyotec.jpg"}}, {"model": "bookstoreapp.bookcover", "pk": 4, "fields": {"book": 2, "image_path": "images/pacani.jpg"}}, {"model": "bookstoreapp.bookcover", "pk": 5, "fields": {"book": 1, "image_path": "images/sherlock_holmes.jpg"}}, {"model": "bookstoreapp.bookcover", "pk": 6, "fields": {"book": 2, "image_path": "images/prestuplenieinakazanie.jpg"}}, {"model": "bookstoreapp.bookcover", "pk": 7, "fields": {"book": 3, "image_path": "images/vlastelinkolec.jpg"}}, {"model": "bookstoreapp.bookcover", "pk": 8, "fields": {"book": 4, "image_path": "images/annakarenina.jpg"}}, {"model": "bookstoreapp.bookcover", "pk": 9, "fields": {"book": 5, "image_path": "images/berserk.jpg"}}, {"model": "bookstoreapp.bookcover", "pk": 10, "fields": {"book": 6, "image_path": "images/normalpeople.jpg"}}, {"model": "bookstoreapp.bookcover", "pk": 11, "fields": {"book": 7, "image_path": "images/pacani.jpg"}}, {"model": "bookstoreapp.bookcover", "pk": 12, "fields": {"book": 8, "image_path": "images/lookingforalaska.jpg"}}, {"model": "bookstoreapp.bookcover", "pk": 13, "fields": {"book": 9, "image_path": "images/klinok.jpg"}}, {"model": "bookstoreapp.bookcover", "pk": 14, "fields": {"book": 10, "image_path": "images/musasi.jpg"}}, {"model": "bookstoreapp.bookcover", "pk": 18, "fields": {"book": 18, "image_path": "images/empty_cart.jpg"}}, {"model": "bookstoreapp.bookcover", "pk": 19, "fields": {"book": 19, "image_path": "images/velikiygatsbi.jpg"}}, {"model": "bookstoreapp.bookcover", "pk": 21, "fields": {"book": 2, "image_path": "images/2_21_empty_cart.jpg"}}, {"model": "bookstoreapp.bookcover", "pk": 22, "fields": {"book": 2, "image_path": "images/2_prestuplenieinakazanie.jpg"}}, {"model": "bookstoreapp.bookcover", "pk": 23, "fields": {"book": 1, "image_path": "images/1_empty_cart.jpg"}}, {"model": "bookstoreapp.bookcover", "pk": 24, "fields": {"book": 1, "image_path": "images/1_sherlock_holmes.jpg"}}]